Tag,Avant,Apres
#mainstream,serato pioneer mainstream,glass deejay remix
#mainstream,LcheCul travaille Etron,
#mainstream,Mdias medias mainstream,
#mainstream,serato pioneer mainstream,glass deejay remix
#mainstream,EmmanuelMacron folie mdias,jappelle forces politiques
#mainstream,matin medias mainstream,Gouvernement suite erreurs
#mainstream,serato pioneer mainstream,glass deejay remix
#mainstream,LcheCul travaille Etron,
#mainstream,Mdias medias mainstream,
#mainstream,serato pioneer mainstream,glass deejay remix
#mainstream,EmmanuelMacron folie mdias,jappelle forces politiques
#mainstream,matin medias mainstream,Gouvernement suite erreurs
#journaux,semaine place kiosque,semaine nationale presse
#journaux,Nouvel arrivage histoire,
#journaux,Politique gouvernance football,camerounais
#journaux,Centre Cinematographique Marocain,bnficient autorisation valable
#journaux,,
#journaux,GrandeGuerre 1919 retiennent,lactualit diplomatique
#journaux,Apple abonnement AppleNews,Netflixdelapresse Presse Services
#journaux,kiosques solidarite Presse,
#journaux,Jaurs dAssisesDcouvrez journaux,numriss LimediaKiosqueCeJourL LimediaGalerie
#journaux,Sattaquer kiosque journaux,bibliothque offense libert
#journaux,abonnement AppleNews AppleNewsMagazine,Presse Service
#journaux,lactualit europenne tude,tlviss snob lactualit
#journaux,Webradio atelier coute,enregistrs lves sance
#journaux,journal journaux triste,
#journaux,archives letters journaux,
#journaux,cole servicepublic information,magazines Viapost tablissements
#journaux,presse depotdepresse librairies,magazine antoinechereaucartoonist
#journaux,dachat journaux presse,Boycott radios macronistesils
#journaux,semaine place kiosque,semaine nationale presse
#journaux,Nouvel arrivage histoire,
#journaux,Politique gouvernance football,camerounais
#journaux,Centre Cinematographique Marocain,bnficient autorisation valable
#journaux,,
#journaux,GrandeGuerre 1919 retiennent,lactualit diplomatique
#journaux,Apple abonnement AppleNews,Netflixdelapresse Presse Services
#journaux,kiosques solidarite Presse,
#journaux,Jaurs dAssisesDcouvrez journaux,numriss LimediaKiosqueCeJourL LimediaGalerie
#journaux,Sattaquer kiosque journaux,bibliothque offense libert
#journaux,abonnement AppleNews AppleNewsMagazine,Presse Service
#journaux,lactualit europenne tude,tlviss snob lactualit
#journaux,Webradio atelier coute,enregistrs lves sance
#journaux,journal journaux triste,
#journaux,archives letters journaux,
#journaux,cole servicepublic information,magazines Viapost tablissements
#journaux,presse depotdepresse librairies,magazine antoinechereaucartoonist
#journaux,dachat journaux presse,Boycott radios macronistesils
#presse,remet plateaux dbats,algerie
#presse,journaux semaine nationale,cration exposition ralise
#presse,jobLa libert presse,rcupration route ActeXIX
#presse,march services service,plateforme Netflix plateforme
#presse,press presse frinfo,balai
#presse,Qwant rmunrer diteurs,lindexation articles patron
#presse,Timone Marseille livre,urgences GGRMC France
#presse,media radio presse,
#presse,journal Ennahar hirak,
#presse,communicante amp responsableSemaine,amp mdias lcoleClub
#presse,presse temps distrubution,
#presse,medias Davos journalisme,
#presse,magazine presse infos,buzz lundi lecture
#presse,secret bonne MarieJoseTaLou,
#presse,journalistes rpondu 1325,consommentils actualit adolescents
#presse,cdi06 Articles dessins,gilets jaunes YouTubers
#presse,illustre bouleversement historique,quotidienne
#presse,cnews France Communiqu,DROIT MANIFESTER SACRELa
#presse,climat moment presse,
#presse,Algrie nonauprolongement Yetna7awGa3,
#presse,medias Minutes vendredi,medias
#presse,fermsmanipulation medias Responsabilit,camerounaise laissez divertir
#presse,site journaliste article,dossierdepresse blogueur blogueuselittraire
#presse,europens Europeennes2019 presse,
#presse,Marseille lecture presse,
#presse,organise 30me Semaine,mdias lEcole manifestations
#presse,pointdevente CulturePresse presse,
#presse,enfants dHaiti Journe,marraine parrain Nuitdeleau
#presse,questions Nhsitez contacter,journaliste emploi
#presse,BMCONNECT LeFigaroFrance presse,handicap dispositif communication
#presse,SARL medias presse,
#presse,presse Europe revue,
#presse,parti dition Semaine,mdias lcole Partout
#presse,lance lance kiosque,lEurope attendra
#presse,avril LaRochelle Communiqu,dition Festival tudiants
#presse,lENTV international algerie,
#presse,sante medecine Confrence,loccasion semaine nationale
#presse,problme France presse,ActeXIX tomber masques
#presse,Puisaye PuisayeaDuGenie CcLeregional,Puisaye PuisayeaDuGenie CcLeregional
#presse,,
#presse,numriques exemple ecommerce,ligne services streaming
#presse,formations alternance Communiqu,CESI obtient Label
#presse,abonnement ldition numrique,algerie
#presse,bouteflika media press,
#presse,travail journalistique exercice,
#presse,escapade Washington presse,francophonie immersionsmag mook
#presse,Montpellier direct confrence,SaurelP premire pierre
#presse,,
#presse,sortie imminente zadiglemag,France
#presse,exposition presse mdias,Journaux livres magazines
#presse,rseau marchands presse,consistant dvelopper trafic
#presse,Beaucoup monde confrence,departement13 myprovencepro
#presse,lcole estrepublicain dessinateur,ecole exposition
#presse,lvesditeursenchef SPME2019 semaine,France coles franaises
#presse,salon business presse,jouer
#presse,zadiglemag historienne France,radio
#presse,abonnements internet numerique,journal journalisme LeMonde
#presse,indit semaine presse,lance projet petites
#presse,Europe1 Radio presse,
#presse,Demain kiosques librairies,media ericfotto
#presse,participer mobilisations prvues,Projets programmes Devant
#presse,Question sources libert,fabrique linfo sujets
#presse,disparu presse journalismePar,
#presse,comptences emploi Communiqu,Promoteur application mobile
#presse,Transactions dAlgrie algerie,
#presse,SecuriteRoutiere Minutes jeudi,medias SecuriteRoutiere
#presse,ELegendConcept ExclusiveDrive PeugeotELegendConcept,
#presse,presse disponible GallicaBnF,disponible GallicaBnF
#presse,,
#presse,botte presse frappe,terrible croit quen
#presse,,
#presse,LePoint videmment partie,libert jesuiskiosquier
#presse,dpartements possdant marchands,juillet 2018 Paris
#presse,madeinfrance Bravo FranckAnnese,innovation talent madeinfrance
#presse,Opration Sentinelle Confrence,Mlenchon ConfJLM
#presse,recherchons attache presse,dure mois Dbut
#presse,terrain dentente skilfi,article national coaching
#presse,Action Dbut visite,Drawing Paris exhibition
#presse,applenews medias Vido,Apple dvoile services
#presse,dinfos presse medias,
#presse,LaSpme LeCLEMI Semaine,mdias Linformation frontires
#presse,DigitalTransformation presse vifmaispastrop,
#presse,Ennahar alger algerie,press algeria politique
#presse,,
#presse,informes sante MASFIP,oncogenetique Dominique Combe
#presse,monde crer propre,amp propre police
#presse,Algriennedz Algerie media,
#presse,daccompagner diffuseurs presse,dinnovation solutions startups
#presse,spectacle histoirevraie humour,media radio
#presse,quipes brche permettre,revenir ville Sattaquer
#presse,Marois classe presse,Bodin villepontsdece courrierouest
#presse,grande chane presse,
#presse,Numrique grand duMonde,numerique
#presse,presse article national,professionnel mentoring online
#presse,FranceUltimate flyingdisc LFDPDL,
#presse,LaRgionEstVous Occitanie Communiqu,cts rgionaux prsidente
#presse,streaming news Vido,Apple dvoile services
#presse,refus publication presse,caricatures publication magazines
#presse,productive algerie presse,
#presse,journalisme qualit reconfigurent,amricaine
#presse,oyez dossier presse,kiosque consulter
#presse,dindpendance rsultats mdias,Mediapart dindpendance rsultats
#presse,artistes mouillent presse,approche acte19 giletsjaunes
#presse,10000 Taimaz FredericPouchot,cagnotte lance journaliste
#presse,clture prix littraire,panafricaine HarmattanParis Sansyk
#presse,Eduscol eduscollettres titres,millions numros numriss
#presse,,
#presse,presse distribution presse,
#presse,ihecsjournalism presse photo,
#presse,presse ldito lguez,libert galit fraternit
#presse,vapeur services Vido,jeux Apple vapeur
#presse,corse CorseMatin lundi,corse
#presse,raliser interview media,ecole
#presse,,
#presse,grand Monde Libration,Digital
#presse,citoyen jugement critique,media
#presse,letemps Lcole sauveratelle,letemps
#presse,UnionArdennais Faites tourner,medias journalisme UnionArdennais
#presse,culturepressefdjofficiel pmupoker salon,relve challenge nouvelles
#presse,medias Minutes mardi,medias
#presse,,
#presse,dialogue libert dexpression,SylvainPlatevoet DessinonsLaPaix CartooningPeace
#presse,atterrehonteux scandaleux inadmissibleintolrable,subisse GiletJaunes
#presse,ManpowerFrance recrute Rgleur,injecter ZAMAK REDON
#presse,donne presse communication,
#presse,automotive cars voiture,
#presse,,
#presse,,
#presse,France LeDeskma Distribution,Maroc Sapress rachte
#presse,Fminines olyrixofficiel Revue,Cosmicomiche opras poche
#presse,cration conseil dontologie,dispositif prvention contenus
#presse,ouvrage comprendre mutations,partir recherche conomique
#presse,questions bienvenues presse,journaliste ecole
#presse,PACA Prefet13 presse,LeRavijournal MediasCitoyens Tabascovideo
#presse,elwatancom Telerama OuldMchich,automobile
#presse,zadiglemag commencer dfenseurs,libre journalistes Le1hebdo
#presse,rechequeterecherche dinternaute 2018,calculettes milliardmois millions
#presse,illgale attend presse,
#presse,SemainedelaPresse EducationNationale education,LaSpme rectorat
#presse,piano francefestival Revue,Retour JournalZibeline rcital
#presse,Vision Innovation presse,
#presse,polynesie semaine presse,
#presse,gfcajaccio CorseMatin mardi,corse TourdeCorseWRC OfficialWRC
#presse,LeCLEMI telerama Semaine,mdias lcole utile
#presse,1960article Wikipedia ParisMatch,journalisme ParisMatch 1949
#presse,Toulouse bibtoulouse Toulouse,journalisme Mediacits rencontre
#presse,Inrocks lemondefr girlpower,
#presse,lesfrrebelles Retour dejeuner,restaurant substance dguster
#presse,Smpe SMPE CLEMI,lyceepro
#presse,LaPoste partenaire Semaine,mdias lcole SPME2019
#presse,botier mainimages presse,jeanpierrepedrazzini
#presse,LivresHebdo dition presse,
#presse,ApecRecrute Commpublique attachedepresse,media communication poleemploi
#presse,mdiatique franais trimestriel,
#presse,professionnel Expopresse2019 marchands,porte Versailles Parisorganis
#presse,weekend dcouvrir zadiglemag,magazine lectures reportage
#presse,constitution droit justice,
#presse,crise Benin wasexo,Lgislatives inclusives Benin
#presse,,
#presse,drogation entreprises LoiPacte,LAssemble repouss linterdiction
#presse,bavent suffisamment soutiens,achat zadiglemag abonnement
#presse,Moselle ARS57 Petitdjeuner,arsgrandest compagnie HIMLamia
#presse,Watan Algrie Solidarit,italienne journalistes algriens
#presse,critique presse rapportmueller,
#presse,journaux crit presse,SillonLorrain
#presse,OliverRowland SamBird SbastienBuemi,
#presse,wilaya Tebessa boycottetelle,algerie
#presse,network media presse,
#presse,JaguarFtype LFT666 ListerLFTC,
#presse,politique financire mdiatiqueLibert,mdias fantasme ralit
#presse,medias Minutes lundi,medias
#presse,astuces recherchespresse genealogie,Gallica propose astuces
#presse,presse utile honnte,sensJe
#presse,charentemaritime dition semaine,lcole collge Fayette
#presse,presse canadienne amarrer,
#presse,plnire Benin wasexo,Lgislatives Benin prsident
#presse,Cest mouvement social,dnie droit donner
#presse,sante medecine Confrence,oncogenetique prsence Stoppa
#presse,Changer mtier Travailler,edition graphiques communication
#presse,BressonVincent presse journalisme,
#presse,france espagne union,Cestgrcevous
#presse,presse letemps libert,Slovaquie diminution medialogues
#presse,,
#presse,CecRolland presse journalisme,
#presse,Expopresse salon presse,
#presse,,
#presse,fvrier Partie Smart,FutureWorkAward theRSAorg SandrinoGraceffa
#presse,EdouardPhilippe Minutes mardi,medias giletsjaunes violences
#presse,mesure journalisme caniveau,trangre sindigne davantage
#presse,DNIFund GoogleNewsInit diteurs,franais reprsentant contingent
#presse,crises kd63334896 presse,preuves commence circuler
#presse,botte presse frappe,terrible croit quen
#presse,LaPoste partenaire Semaine,mdias cole servicepublic
#presse,automotive cars voiture,
#presse,FMmag francmaconnerie presse,
#presse,portail Europresse semaine,mdias dcouvrez journaux
#presse,sortie imminente zadiglemag,France presseindpendante
#presse,mdias journalisme presse,
#presse,lappel mdias europens,Europe
#presse,Toulouse ABisagni Communiqu,rectrice lacadmie Toulouse
#presse,France presse indpendante,indpendanteIl subventionne arrter
#presse,20172018 SAPTR offert,medias journalisme GiletsJaunes
#presse,journalisme verificationdessources presse,
#presse,Weekend demain Algrie,22
#presse,digital streaming video,musique jeuxvideo
#presse,mobile Matinale presse,
#presse,sochepress sapress distribution,Maroc presstalis
#presse,MlenchonLe pluralisme presse,indispensable lest creux
#presse,lhippodrome Marseille Borely,LeTrot hippique Data
#presse,Rassemblement journalistes correspondants,lundi ElOued guise
#presse,FloLVAVL presse maisondelunesco,
#presse,JulienMlr Fondsef sante,hopital education photographie
#presse,aujourdhui labo semaine,media info
#presse,France Selon presse,indpendante France
#presse,voyage presse organis,muse BeauxArts Promotion
#presse,LesMotsTuent poids importance,LesMotsTuent poids importance
#presse,services lemondefr Vido,Apple dvoile services
#presse,comprendre fabrique linfo,
#presse,tlcommunications AlgerieTlcom presse,
#presse,signent tribune survie,
#presse,tard cartes presse,Qofficiel renouveles journalistes
#presse,Expopresse salon diffuseurs,CulturePresse phygital
#presse,ciupfr mercredi 2019,teamarchi francophonie campus
#presse,presse Mdias drive,
#presse,canalplus kiosque Expopresse,marchands journaux service
#presse,locan presse libre,SPME2019
#presse,CopyrightDirective cts artistes,DroitDAuteur Yes2Copyright CopyrightDirective
#presse,dessin humour kiosquier,depotdepresse librairies journaux
#presse,initi ANSSIFR Communiqu,formations Responsable Ingnierie
#presse,DirCom relations presse,
#presse,judiciaire 20minutes presse,Justice Chien AideAuxVictimes
#presse,30me dition semaine,Arrive jmblanquer interview
#presse,textes article presse,film
#presse,journaux presse ecrite,radios macronistesils crever
#presse,pmupoker Herve360 salon,relve challenge nouvelles
#presse,sante medecine Confrence,oncogenetique simple linformation
#presse,BlignysurOuche transitionenergetique dinformations,SICECO21 territoire dnergie
#presse,salaires raslaplume presse,
#presse,sinformer ligne Semaine,mdias LaSpme spme2019
#presse,Soglo Benin wasexo,jfmehouenou Kpakpatoya Solutions
#presse,remet plateaux dbats,algerie
#presse,journaux semaine nationale,cration exposition ralise
#presse,jobLa libert presse,rcupration route ActeXIX
#presse,march services service,plateforme Netflix plateforme
#presse,press presse frinfo,balai
#presse,Qwant rmunrer diteurs,lindexation articles patron
#presse,Timone Marseille livre,urgences GGRMC France
#presse,media radio presse,
#presse,journal Ennahar hirak,
#presse,communicante amp responsableSemaine,amp mdias lcoleClub
#presse,presse temps distrubution,
#presse,medias Davos journalisme,
#presse,magazine presse infos,buzz lundi lecture
#presse,secret bonne MarieJoseTaLou,
#presse,journalistes rpondu 1325,consommentils actualit adolescents
#presse,cdi06 Articles dessins,gilets jaunes YouTubers
#presse,illustre bouleversement historique,quotidienne
#presse,cnews France Communiqu,DROIT MANIFESTER SACRELa
#presse,climat moment presse,
#presse,Algrie nonauprolongement Yetna7awGa3,
#presse,medias Minutes vendredi,medias
#presse,fermsmanipulation medias Responsabilit,camerounaise laissez divertir
#presse,site journaliste article,dossierdepresse blogueur blogueuselittraire
#presse,europens Europeennes2019 presse,
#presse,Marseille lecture presse,
#presse,organise 30me Semaine,mdias lEcole manifestations
#presse,pointdevente CulturePresse presse,
#presse,enfants dHaiti Journe,marraine parrain Nuitdeleau
#presse,questions Nhsitez contacter,journaliste emploi
#presse,BMCONNECT LeFigaroFrance presse,handicap dispositif communication
#presse,SARL medias presse,
#presse,presse Europe revue,
#presse,parti dition Semaine,mdias lcole Partout
#presse,lance lance kiosque,lEurope attendra
#presse,avril LaRochelle Communiqu,dition Festival tudiants
#presse,lENTV international algerie,
#presse,sante medecine Confrence,loccasion semaine nationale
#presse,problme France presse,ActeXIX tomber masques
#presse,Puisaye PuisayeaDuGenie CcLeregional,Puisaye PuisayeaDuGenie CcLeregional
#presse,,
#presse,numriques exemple ecommerce,ligne services streaming
#presse,formations alternance Communiqu,CESI obtient Label
#presse,abonnement ldition numrique,algerie
#presse,bouteflika media press,
#presse,travail journalistique exercice,
#presse,escapade Washington presse,francophonie immersionsmag mook
#presse,Montpellier direct confrence,SaurelP premire pierre
#presse,,
#presse,sortie imminente zadiglemag,France
#presse,exposition presse mdias,Journaux livres magazines
#presse,rseau marchands presse,consistant dvelopper trafic
#presse,Beaucoup monde confrence,departement13 myprovencepro
#presse,lcole estrepublicain dessinateur,ecole exposition
#presse,lvesditeursenchef SPME2019 semaine,France coles franaises
#presse,salon business presse,jouer
#presse,zadiglemag historienne France,radio
#presse,abonnements internet numerique,journal journalisme LeMonde
#presse,indit semaine presse,lance projet petites
#presse,Europe1 Radio presse,
#presse,Demain kiosques librairies,media ericfotto
#presse,participer mobilisations prvues,Projets programmes Devant
#presse,Question sources libert,fabrique linfo sujets
#presse,disparu presse journalismePar,
#presse,comptences emploi Communiqu,Promoteur application mobile
#presse,Transactions dAlgrie algerie,
#presse,SecuriteRoutiere Minutes jeudi,medias SecuriteRoutiere
#presse,ELegendConcept ExclusiveDrive PeugeotELegendConcept,
#presse,presse disponible GallicaBnF,disponible GallicaBnF
#presse,,
#presse,botte presse frappe,terrible croit quen
#presse,,
#presse,LePoint videmment partie,libert jesuiskiosquier
#presse,dpartements possdant marchands,juillet 2018 Paris
#presse,madeinfrance Bravo FranckAnnese,innovation talent madeinfrance
#presse,Opration Sentinelle Confrence,Mlenchon ConfJLM
#presse,recherchons attache presse,dure mois Dbut
#presse,terrain dentente skilfi,article national coaching
#presse,Action Dbut visite,Drawing Paris exhibition
#presse,applenews medias Vido,Apple dvoile services
#presse,dinfos presse medias,
#presse,LaSpme LeCLEMI Semaine,mdias Linformation frontires
#presse,DigitalTransformation presse vifmaispastrop,
#presse,Ennahar alger algerie,press algeria politique
#presse,,
#presse,informes sante MASFIP,oncogenetique Dominique Combe
#presse,monde crer propre,amp propre police
#presse,Algriennedz Algerie media,
#presse,daccompagner diffuseurs presse,dinnovation solutions startups
#presse,spectacle histoirevraie humour,media radio
#presse,quipes brche permettre,revenir ville Sattaquer
#presse,Marois classe presse,Bodin villepontsdece courrierouest
#presse,grande chane presse,
#presse,Numrique grand duMonde,numerique
#presse,presse article national,professionnel mentoring online
#presse,FranceUltimate flyingdisc LFDPDL,
#presse,LaRgionEstVous Occitanie Communiqu,cts rgionaux prsidente
#presse,streaming news Vido,Apple dvoile services
#presse,refus publication presse,caricatures publication magazines
#presse,productive algerie presse,
#presse,journalisme qualit reconfigurent,amricaine
#presse,oyez dossier presse,kiosque consulter
#presse,dindpendance rsultats mdias,Mediapart dindpendance rsultats
#presse,artistes mouillent presse,approche acte19 giletsjaunes
#presse,10000 Taimaz FredericPouchot,cagnotte lance journaliste
#presse,clture prix littraire,panafricaine HarmattanParis Sansyk
#presse,Eduscol eduscollettres titres,millions numros numriss
#presse,,
#presse,presse distribution presse,
#presse,ihecsjournalism presse photo,
#presse,presse ldito lguez,libert galit fraternit
#presse,vapeur services Vido,jeux Apple vapeur
#presse,corse CorseMatin lundi,corse
#presse,raliser interview media,ecole
#presse,,
#presse,grand Monde Libration,Digital
#presse,citoyen jugement critique,media
#presse,letemps Lcole sauveratelle,letemps
#presse,UnionArdennais Faites tourner,medias journalisme UnionArdennais
#presse,culturepressefdjofficiel pmupoker salon,relve challenge nouvelles
#presse,medias Minutes mardi,medias
#presse,,
#presse,dialogue libert dexpression,SylvainPlatevoet DessinonsLaPaix CartooningPeace
#presse,atterrehonteux scandaleux inadmissibleintolrable,subisse GiletJaunes
#presse,ManpowerFrance recrute Rgleur,injecter ZAMAK REDON
#presse,donne presse communication,
#presse,automotive cars voiture,
#presse,,
#presse,,
#presse,France LeDeskma Distribution,Maroc Sapress rachte
#presse,Fminines olyrixofficiel Revue,Cosmicomiche opras poche
#presse,cration conseil dontologie,dispositif prvention contenus
#presse,ouvrage comprendre mutations,partir recherche conomique
#presse,questions bienvenues presse,journaliste ecole
#presse,PACA Prefet13 presse,LeRavijournal MediasCitoyens Tabascovideo
#presse,elwatancom Telerama OuldMchich,automobile
#presse,zadiglemag commencer dfenseurs,libre journalistes Le1hebdo
#presse,rechequeterecherche dinternaute 2018,calculettes milliardmois millions
#presse,illgale attend presse,
#presse,SemainedelaPresse EducationNationale education,LaSpme rectorat
#presse,piano francefestival Revue,Retour JournalZibeline rcital
#presse,Vision Innovation presse,
#presse,polynesie semaine presse,
#presse,gfcajaccio CorseMatin mardi,corse TourdeCorseWRC OfficialWRC
#presse,LeCLEMI telerama Semaine,mdias lcole utile
#presse,1960article Wikipedia ParisMatch,journalisme ParisMatch 1949
#presse,Toulouse bibtoulouse Toulouse,journalisme Mediacits rencontre
#presse,Inrocks lemondefr girlpower,
#presse,lesfrrebelles Retour dejeuner,restaurant substance dguster
#presse,Smpe SMPE CLEMI,lyceepro
#presse,LaPoste partenaire Semaine,mdias lcole SPME2019
#presse,botier mainimages presse,jeanpierrepedrazzini
#presse,LivresHebdo dition presse,
#presse,ApecRecrute Commpublique attachedepresse,media communication poleemploi
#presse,mdiatique franais trimestriel,
#presse,professionnel Expopresse2019 marchands,porte Versailles Parisorganis
#presse,weekend dcouvrir zadiglemag,magazine lectures reportage
#presse,constitution droit justice,
#presse,crise Benin wasexo,Lgislatives inclusives Benin
#presse,,
#presse,drogation entreprises LoiPacte,LAssemble repouss linterdiction
#presse,bavent suffisamment soutiens,achat zadiglemag abonnement
#presse,Moselle ARS57 Petitdjeuner,arsgrandest compagnie HIMLamia
#presse,Watan Algrie Solidarit,italienne journalistes algriens
#presse,critique presse rapportmueller,
#presse,journaux crit presse,SillonLorrain
#presse,OliverRowland SamBird SbastienBuemi,
#presse,wilaya Tebessa boycottetelle,algerie
#presse,network media presse,
#presse,JaguarFtype LFT666 ListerLFTC,
#presse,politique financire mdiatiqueLibert,mdias fantasme ralit
#presse,medias Minutes lundi,medias
#presse,astuces recherchespresse genealogie,Gallica propose astuces
#presse,presse utile honnte,sensJe
#presse,charentemaritime dition semaine,lcole collge Fayette
#presse,presse canadienne amarrer,
#presse,plnire Benin wasexo,Lgislatives Benin prsident
#presse,Cest mouvement social,dnie droit donner
#presse,sante medecine Confrence,oncogenetique prsence Stoppa
#presse,Changer mtier Travailler,edition graphiques communication
#presse,BressonVincent presse journalisme,
#presse,france espagne union,Cestgrcevous
#presse,presse letemps libert,Slovaquie diminution medialogues
#presse,,
#presse,CecRolland presse journalisme,
#presse,Expopresse salon presse,
#presse,,
#presse,fvrier Partie Smart,FutureWorkAward theRSAorg SandrinoGraceffa
#presse,EdouardPhilippe Minutes mardi,medias giletsjaunes violences
#presse,mesure journalisme caniveau,trangre sindigne davantage
#presse,DNIFund GoogleNewsInit diteurs,franais reprsentant contingent
#presse,crises kd63334896 presse,preuves commence circuler
#presse,botte presse frappe,terrible croit quen
#presse,LaPoste partenaire Semaine,mdias cole servicepublic
#presse,automotive cars voiture,
#presse,FMmag francmaconnerie presse,
#presse,MacronXiJinpingUn impose savoir,ridiculeMerdias
#presse,portail Europresse semaine,mdias dcouvrez journaux
#presse,sortie imminente zadiglemag,France presseindpendante
#presse,mdias journalisme presse,
#presse,lappel mdias europens,Europe
#presse,Toulouse ABisagni Communiqu,rectrice lacadmie Toulouse
#presse,France presse indpendante,indpendanteIl subventionne arrter
#presse,20172018 SAPTR offert,medias journalisme GiletsJaunes
#presse,journalisme verificationdessources presse,
#presse,Weekend demain Algrie,22
#presse,digital streaming video,musique jeuxvideo
#presse,mobile Matinale presse,
#presse,sochepress sapress distribution,Maroc presstalis
#presse,MlenchonLe pluralisme presse,indispensable lest creux
#presse,lhippodrome Marseille Borely,LeTrot hippique Data
#presse,Rassemblement journalistes correspondants,lundi ElOued guise
#presse,FloLVAVL presse maisondelunesco,
#presse,JulienMlr Fondsef sante,hopital education photographie
#presse,aujourdhui labo semaine,media info
#presse,France Selon presse,indpendante France
#presse,voyage presse organis,muse BeauxArts Promotion
#presse,LesMotsTuent poids importance,LesMotsTuent poids importance
#presse,services lemondefr Vido,Apple dvoile services
#presse,comprendre fabrique linfo,
#presse,tlcommunications AlgerieTlcom presse,
#presse,signent tribune survie,
#presse,tard cartes presse,Qofficiel renouveles journalistes
#presse,Expopresse salon diffuseurs,CulturePresse phygital
#presse,ciupfr mercredi 2019,teamarchi francophonie campus
#presse,presse Mdias drive,
#presse,canalplus kiosque Expopresse,marchands journaux service
#presse,locan presse libre,SPME2019
#presse,CopyrightDirective cts artistes,DroitDAuteur Yes2Copyright CopyrightDirective
#presse,dessin humour kiosquier,depotdepresse librairies journaux
#presse,initi ANSSIFR Communiqu,formations Responsable Ingnierie
#presse,DirCom relations presse,
#presse,judiciaire 20minutes presse,Justice Chien AideAuxVictimes
#presse,30me dition semaine,Arrive jmblanquer interview
#presse,textes article presse,film
#presse,journaux presse ecrite,radios macronistesils crever
#presse,pmupoker Herve360 salon,relve challenge nouvelles
#presse,sante medecine Confrence,oncogenetique simple linformation
#presse,BlignysurOuche transitionenergetique dinformations,SICECO21 territoire dnergie
#presse,salaires raslaplume presse,
#presse,sinformer ligne Semaine,mdias LaSpme spme2019
#presse,Soglo Benin wasexo,jfmehouenou Kpakpatoya Solutions
#presselibre,,
#presselibre,,
#journalisme,,
#journalisme,Figaro Sport Eurosporttoujoursplusdestages,journalismesportif TeamEDJ rtl
#journalisme,pouvoir Ontario onpoli,
#journalisme,journalisme gonzo Journalism,Aprs portent mooks
#journalisme,Pujadas GiletsJaunes journalisme,
#journalisme,,
#journalisme,journalisme FabriqueDuConsentement Orwell,
#journalisme,dobjectivit journalisme minutes,AlexisDeLancer guygendronRC lombudsman
#journalisme,ldition 2018 concours,
#journalisme,bnficions expertise journalisme,
#journalisme,media journalisme tlvision,presse frinfo BFMTV
#journalisme,urgences GGRMC France,
#journalisme,professionnelle journalisme pertinence,Denisot oeuvres portrait
#journalisme,,
#journalisme,Christchurch traitement journalistique,
#journalisme,multinationales medias Davos,presse
#journalisme,cocane fallait penser,
#journalisme,servilit QUELCONQUE journalisme,entrain mordiller loreille
#journalisme,FondHirondelle pratique dfend,rigoureux responsable contextes
#journalisme,caus dsastre journalisme,payons paierons manque
#journalisme,canope59 confrence inverse,questionscritiques mdias journalistes
#journalisme,ignors services journalisme,
#journalisme,journalisme FabriqueDuConsentement Orwell,
#journalisme,,
#journalisme,prilleux Mdias Lavenir,scientifique sannonce passionnant
#journalisme,lhumour Celsa concours,lhumour Celsa
#journalisme,Premire nytimes lundi,Trump
#journalisme,qubcois Conseildepresse mdias,journalistes
#journalisme,HalMedia Deuxime formation,portable spcialis production
#journalisme,manire sortir simple,parisien Merci mdeprieck
#journalisme,Twitter tudiantes journalisme,recherchons femmes suivi
#journalisme,MiniTransat2017 reportage journalisme,
#journalisme,diffuss 2018Europe journalisme,
#journalisme,,
#journalisme,journalisme crdibilit yacommeunpetitproblme,
#journalisme,,
#journalisme,anglais mdias journalisme,
#journalisme,,
#journalisme,cherchent btir lecteurs,tait produit devient
#journalisme,haute opinion journalisme,
#journalisme,Longue lalettremnews Media,Occitanie Montpellier Toulouse
#journalisme,nytimes begeek journalisme,tech
#journalisme,NNACCJ Gatineau Outaouais,
#journalisme,risque exerce technologie,kebetu kpakpatoya
#journalisme,mdia Pourtant journalisme,
#journalisme,Auditoire comble lULBruxelles,medias
#journalisme,,
#journalisme,spcialpresse dialogue journalisme,
#journalisme,vraiment journalisme monde,Rwanda
#journalisme,Macron 2017 Compol,
#journalisme,Bonjour Twitter tudiant,Lannion cadre reportage
#journalisme,,
#journalisme,,
#journalisme,radioLNFM ajtours media,podcast GillesBouleau LesAssises
#journalisme,excellent papier jenniferpadjemi,galit empowerwomen
#journalisme,Rdaction Lesjoursfr Netflix,isabelleroberts RaphalGarrigos lquipe
#journalisme,journalisme Abrutis Acte19,
#journalisme,joinginkio milliards formes,Favre WTFake podcast
#journalisme,recherchait mdias journalisme,
#journalisme,journalisme fakenews Histoiredu,vrification linformation mairie18paris
#journalisme,,
#journalisme,honte CNEWS journalisme,homme bouffi haine
#journalisme,Maison journalistes manquer,medias seeyouthere
#journalisme,dtrioration mtier journalisteScam,
#journalisme,numerique presse journal,LeMonde
#journalisme,incorrect politique analyste,journaliste
#journalisme,economique preuve amp,qualit
#journalisme,fourni CONditionnel journalisme,lemondefr Benalla
#journalisme,journalisme salon presseindependante,
#journalisme,cours stage journalisme,
#journalisme,journalisme cofondateur journalisme,Impressum journaliste
#journalisme,,
#journalisme,dfendra mieux MacronieC,aTriste dmonstration libert
#journalisme,combat haute importance,Libertdexpression PressFreedom
#journalisme,numrique journalisme MySpace,Facebook GautierRoos
#journalisme,partie dbat journalisme,tait diffus live
#journalisme,politique entreprise gastronomie,sant
#journalisme,Dbutante accepte agriculture,ingnieuragro ingnieuragri
#journalisme,anne rcompenser journalisme,dinfos presse medias
#journalisme,ontelles info ComplementdEnquete,lheure IntelligenceArtificielle DeepLearning
#journalisme,Gluck Certaines coles,proposent former tudiants
#journalisme,journalisme empathie altrit,
#journalisme,poumonsIA InteligenceArtificielle journalisme,sante
#journalisme,SPME2019 Confrence inverse,canope59 anime SChekaik
#journalisme,Tellement problmes affligent,contemporain Good reporting
#journalisme,handicap NouvelleAquitaine journalisme,
#journalisme,rtablir confiance journalisme,Cest raison festival
#journalisme,contraire articlesvrais indpendants,penseunique contraire articlesvrais
#journalisme,fabrizzoli CrimHalt journalisme,ncessaire procs Comme
#journalisme,globale internationale France,television
#journalisme,TransfoNum news journalisme,
#journalisme,gloire FDOjournalisme Quand,dinvestigation consiste dsormais
#journalisme,besoin journalisme IREXintl,
#journalisme,quotidien passion radio,
#journalisme,,
#journalisme,concours coles journalisme,ESJLille LeBondyBlog SNJFTV
#journalisme,relayer appel Merci,investigation ralits dissimules
#journalisme,finaliste huitime NNACCJ,NNA18 CCJ18
#journalisme,tudiant master Pourquoi,communication Rendezvous jeudi
#journalisme,tudiant ultramotiv anne,lIEJParis recherche stage
#journalisme,SPME2019 Confrence inverse,canope59 Journaliste mtiers
#journalisme,exerce mtier nomm,alancelin dcid dignorer
#journalisme,,
#journalisme,Enjoy formation journalisme,Photo photojournalism
#journalisme,dattaques pressions lemondefr,communication
#journalisme,Granddbat GrandDebrief licence,VilleDeVichy vient dbuter
#journalisme,enqute soldats macronie,lobbying Passionnants changes
#journalisme,auraientelles menes journalisme,Aideznous rvler touff
#journalisme,TUTOTAL ARTEfr YouTube,techniques dinterview TUTOTAL
#journalisme,soutenez journalisme ThinkerView,
#journalisme,femmes feminisme journaliste,librarycongress
#journalisme,rbcbhg info journalisme,
#journalisme,Bientt Droit yeux,dinvestigation Jrme Cahuzac
#journalisme,respect droits raslaplume,pige FairPayForFreelancers
#journalisme,photoreporter warreporter geopolitique,droitsdelhomme freedom
#journalisme,tourner presse medias,UnionArdennais
#journalisme,vrit honte journalisme,manipulation interprtation faits
#journalisme,attacfr EmmanuelMacron Merci,
#journalisme,journalisteaefeinfo semainedelapresse LeCLEMI,educmediasinfo
#journalisme,circuit linformation SPME2019,Presse Information
#journalisme,,
#journalisme,Twitter quiztime FactChecking,metamedia gjfaure
#journalisme,medipart fabricearfi dassaut,
#journalisme,dsormais molest journalisme,lemondefr Benalla
#journalisme,viteRTLChallenge journalisme alternance,
#journalisme,mdias journalisme dformation,
#journalisme,contributrices projet dcouvert,jours Marrakech formation
#journalisme,Vincent Coorbyter CRISPmedias,
#journalisme,,
#journalisme,concessions Brigitte Bardot,
#journalisme,mdias proposant journalisme,Londres passant
#journalisme,,
#journalisme,indpendance CisionFrance journalisme,
#journalisme,france journalisme ericfotto,
#journalisme,,
#journalisme,Desaix directrice marquemedias,info
#journalisme,raconter France France,accepter bouscul croyait
#journalisme,outils mobiliser journalisme,
#journalisme,journalisme Champslyses Paris,
#journalisme,culture gnraleFigaroEtudiant russir,
#journalisme,Quand trouve milieu,devient ractifs lactualit
#journalisme,,
#journalisme,Wikipedia ParisMatch presse,ParisMatch 1949 Paris
#journalisme,interview Aurelienlange Soire,littrature librairie Eurka
#journalisme,bibtoulouse Toulouse presse,Mediacits rencontre Toulousains
#journalisme,crdibilit journalisme confiance,
#journalisme,besoin rinventer thermomtre,mdias
#journalisme,raction lvnement Terrorisme,
#journalisme,rponses contactez teklalneguib,amp militantisme apgl1
#journalisme,matthieumerci parl fakenews,information complotisme FamilleToutEcran
#journalisme,grands journaux journalisme,
#journalisme,plat croyeznous Facebook,
#journalisme,portraits Enquete journalisme,UBMontaigne
#journalisme,,
#journalisme,SPME2019 Confrence inverse,canope59 Quels mythes
#journalisme,pareil journalisme media,
#journalisme,inutiles lplapresse onpoli,dougford
#journalisme,communication journalisme banque,
#journalisme,arnaudgranata noemimercier raedhammoud10,onfr francophonie
#journalisme,dernire phrase magique,Lebienpublic
#journalisme,lve licence professionnelle,continue rcolter points
#journalisme,journaliste afpfr journalisme,factchecking AfpFactuel captation
#journalisme,mars Spcial mtiers,audiovisuel multimdia jobersch
#journalisme,politiques secondaire journalisme,essentiel Aideznous raliser
#journalisme,rcompense meilleurs ChiensDeGardeDuSystme,AlbaVentura
#journalisme,lancent journalisme GiletsJaunes,
#journalisme,indpendant LeMedia Taranis,
#journalisme,Vrifier expliquer analyser,Notre Vrifier expliquer
#journalisme,emmerdes franais pseudo,niveau pigiste VoiciTon
#journalisme,recueillis Merci compte,investigation sauriez dangers
#journalisme,,
#journalisme,chronique ToulouseFM tudiants,radio teamiscpa toulouse
#journalisme,parcours experience communitymanagement,graphisme ligne lookingforjob
#journalisme,communication compol journalisme,
#journalisme,suffragettes femmes journaliste,librarycongress
#journalisme,risque exerce technologie,Kpakpatoya Scurit
#journalisme,Merci avance journalisme,Recherche
#journalisme,,
#journalisme,collaborer bonne semaine,dinvestigation G5Sahel IREXintl
#journalisme,consanguinit connivence milieu,EtienneChouard SudRadioYADuPeuple
#journalisme,recueillis Merci compte,investigation sauriez dangers
#journalisme,presse journalisme CLEMINantes,
#journalisme,FicheMtierAu cinma tlvision,cadreur essentiel qualit
#journalisme,compte Twitter journalisme,gjfaure
#journalisme,Encore bruit Lge,rock Amrique Prendre
#journalisme,politique analyste journalisme,
#journalisme,crise mdias journalisme,taille bavette SoAnn
#journalisme,quitter free journalisme,
#journalisme,franais corruption mesure,caniveau
#journalisme,soutenez journalisme ThinkerView,
#journalisme,,
#journalisme,franckriester LesAssises AJTours,
#journalisme,OEstVladjimir Haiti journalisme,
#journalisme,GiletsJaunes LREM journalisme,
#journalisme,forme contemporaine journalisme,lUQAMcoutez raconter consiste
#journalisme,prochaine conseilleriezvous rencontrer,datajournalisme opendata
#journalisme,laisse passer train,affut
#journalisme,modestie Fire pages,interview bonssujets beaujournal
#journalisme,Demorand parlantes discours,
#journalisme,recommandez mdias journalisme,
#journalisme,polqc mdias journalisme,
#journalisme,offert presse medias,GiletsJaunes ViolencesPolicieres
#journalisme,estu journaliste journalisme,presse
#journalisme,,
#journalisme,journalistes duhamel journalisme,
#journalisme,petit miracle mensuel,
#journalisme,,
#journalisme,,
#journalisme,,
#journalisme,,
#journalisme,comPol institutions perversit,
#journalisme,libert presse menace,dmocratie
#journalisme,astana kazakhstan journalisme,
#journalisme,panel propagande journalisme,Acte19 ActeXIX
#journalisme,,
#journalisme,propositions emploi journalisme,paris attends partager
#journalisme,confrence EducationAuxMedias journalisme,medias OuestFrance Rennes
#journalisme,juliaadeck secrtariatderdaction formationpro,emploi travail reconversion
#journalisme,thique journalisme radio,
#journalisme,publications Monde journalisme,dbats reportage
#journalisme,Linahomci tudiante licence,VilleDeVichy assist grandbat
#journalisme,developpement durable Media,patrimoine consultation bibliotheques
#journalisme,tueries masse journalisme,
#journalisme,,
#journalisme,europe OuestFrance mditer,gafa europe
#journalisme,politique droueteric BFMMacron,BFMTV
#journalisme,public journalisme NiemanLab,
#journalisme,rseaux sociaux irresponsables,Christchurch
#journalisme,,
#journalisme,,
#journalisme,information comprendre passe,media merdia regardes
#journalisme,interpellation France tudiante,trangler lActe18 Toulouse
#journalisme,SPME2019 Confrence inverse,canope59 Quelles pistes
#journalisme,chane SelLumirefpjq journalisme,
#journalisme,,
#journalisme,Figaro Sport Eurosporttoujoursplusdestages,journalismesportif TeamEDJ rtl
#journalisme,pouvoir Ontario onpoli,
#journalisme,journalisme gonzo Journalism,Aprs portent mooks
#journalisme,Pujadas GiletsJaunes journalisme,
#journalisme,,
#journalisme,journalisme FabriqueDuConsentement Orwell,
#journalisme,dobjectivit journalisme minutes,AlexisDeLancer guygendronRC lombudsman
#journalisme,ldition 2018 concours,
#journalisme,bnficions expertise journalisme,
#journalisme,media journalisme tlvision,presse frinfo BFMTV
#journalisme,urgences GGRMC France,
#journalisme,professionnelle journalisme pertinence,Denisot oeuvres portrait
#journalisme,,
#journalisme,Christchurch traitement journalistique,
#journalisme,multinationales medias Davos,presse
#journalisme,cocane fallait penser,
#journalisme,servilit QUELCONQUE journalisme,entrain mordiller loreille
#journalisme,FondHirondelle pratique dfend,rigoureux responsable contextes
#journalisme,caus dsastre journalisme,payons paierons manque
#journalisme,canope59 confrence inverse,questionscritiques mdias journalistes
#journalisme,ignors services journalisme,
#journalisme,journalisme FabriqueDuConsentement Orwell,
#journalisme,,
#journalisme,prilleux Mdias Lavenir,scientifique sannonce passionnant
#journalisme,lhumour Celsa concours,lhumour Celsa
#journalisme,Premire nytimes lundi,Trump
#journalisme,qubcois Conseildepresse mdias,journalistes
#journalisme,HalMedia Deuxime formation,portable spcialis production
#journalisme,manire sortir simple,parisien Merci mdeprieck
#journalisme,Twitter tudiantes journalisme,recherchons femmes suivi
#journalisme,MiniTransat2017 reportage journalisme,
#journalisme,diffuss 2018Europe journalisme,
#journalisme,,
#journalisme,journalisme crdibilit yacommeunpetitproblme,
#journalisme,,
#journalisme,anglais mdias journalisme,
#journalisme,,
#journalisme,cherchent btir lecteurs,tait produit devient
#journalisme,haute opinion journalisme,
#journalisme,Longue lalettremnews Media,Occitanie Montpellier Toulouse
#journalisme,nytimes begeek journalisme,tech
#journalisme,NNACCJ Gatineau Outaouais,
#journalisme,risque exerce technologie,kebetu kpakpatoya
#journalisme,mdia Pourtant journalisme,
#journalisme,Auditoire comble lULBruxelles,medias
#journalisme,,
#journalisme,spcialpresse dialogue journalisme,
#journalisme,vraiment journalisme monde,Rwanda
#journalisme,Macron 2017 Compol,
#journalisme,Bonjour Twitter tudiant,Lannion cadre reportage
#journalisme,,
#journalisme,,
#journalisme,radioLNFM ajtours media,podcast GillesBouleau LesAssises
#journalisme,excellent papier jenniferpadjemi,galit empowerwomen
#journalisme,Rdaction Lesjoursfr Netflix,isabelleroberts RaphalGarrigos lquipe
#journalisme,journalisme Abrutis Acte19,
#journalisme,joinginkio milliards formes,Favre WTFake podcast
#journalisme,recherchait mdias journalisme,
#journalisme,journalisme fakenews Histoiredu,vrification linformation mairie18paris
#journalisme,,
#journalisme,honte CNEWS journalisme,homme bouffi haine
#journalisme,Maison journalistes manquer,medias seeyouthere
#journalisme,dtrioration mtier journalisteScam,
#journalisme,numerique presse journal,LeMonde
#journalisme,incorrect politique analyste,journaliste
#journalisme,economique preuve amp,qualit
#journalisme,fourni CONditionnel journalisme,lemondefr Benalla
#journalisme,journalisme salon presseindependante,
#journalisme,cours stage journalisme,
#journalisme,journalisme cofondateur journalisme,Impressum journaliste
#journalisme,,
#journalisme,dfendra mieux MacronieC,aTriste dmonstration libert
#journalisme,combat haute importance,Libertdexpression PressFreedom
#journalisme,numrique journalisme MySpace,Facebook GautierRoos
#journalisme,partie dbat journalisme,tait diffus live
#journalisme,politique entreprise gastronomie,sant
#journalisme,Dbutante accepte agriculture,ingnieuragro ingnieuragri
#journalisme,anne rcompenser journalisme,dinfos presse medias
#journalisme,ontelles info ComplementdEnquete,lheure IntelligenceArtificielle DeepLearning
#journalisme,Gluck Certaines coles,proposent former tudiants
#journalisme,journalisme empathie altrit,
#journalisme,poumonsIA InteligenceArtificielle journalisme,sante
#journalisme,SPME2019 Confrence inverse,canope59 anime SChekaik
#journalisme,Tellement problmes affligent,contemporain Good reporting
#journalisme,handicap NouvelleAquitaine journalisme,
#journalisme,rtablir confiance journalisme,Cest raison festival
#journalisme,contraire articlesvrais indpendants,penseunique contraire articlesvrais
#journalisme,fabrizzoli CrimHalt journalisme,ncessaire procs Comme
#journalisme,globale internationale France,television
#journalisme,TransfoNum news journalisme,
#journalisme,gloire FDOjournalisme Quand,dinvestigation consiste dsormais
#journalisme,besoin journalisme IREXintl,
#journalisme,quotidien passion radio,
#journalisme,,
#journalisme,concours coles journalisme,ESJLille LeBondyBlog SNJFTV
#journalisme,relayer appel Merci,investigation ralits dissimules
#journalisme,finaliste huitime NNACCJ,NNA18 CCJ18
#journalisme,tudiant master Pourquoi,communication Rendezvous jeudi
#journalisme,tudiant ultramotiv anne,lIEJParis recherche stage
#journalisme,SPME2019 Confrence inverse,canope59 Journaliste mtiers
#journalisme,exerce mtier nomm,alancelin dcid dignorer
#journalisme,,
#journalisme,Enjoy formation journalisme,Photo photojournalism
#journalisme,dattaques pressions lemondefr,communication
#journalisme,Granddbat GrandDebrief licence,VilleDeVichy vient dbuter
#journalisme,enqute soldats macronie,lobbying Passionnants changes
#journalisme,auraientelles menes journalisme,Aideznous rvler touff
#journalisme,TUTOTAL ARTEfr YouTube,techniques dinterview TUTOTAL
#journalisme,soutenez journalisme ThinkerView,
#journalisme,femmes feminisme journaliste,librarycongress
#journalisme,rbcbhg info journalisme,
#journalisme,Bientt Droit yeux,dinvestigation Jrme Cahuzac
#journalisme,respect droits raslaplume,pige FairPayForFreelancers
#journalisme,photoreporter warreporter geopolitique,droitsdelhomme freedom
#journalisme,tourner presse medias,UnionArdennais
#journalisme,vrit honte journalisme,manipulation interprtation faits
#journalisme,attacfr EmmanuelMacron Merci,
#journalisme,journalisteaefeinfo semainedelapresse LeCLEMI,educmediasinfo
#journalisme,circuit linformation SPME2019,Presse Information
#journalisme,,
#journalisme,Twitter quiztime FactChecking,metamedia gjfaure
#journalisme,medipart fabricearfi dassaut,
#journalisme,dsormais molest journalisme,lemondefr Benalla
#journalisme,viteRTLChallenge journalisme alternance,
#journalisme,mdias journalisme dformation,
#journalisme,contributrices projet dcouvert,jours Marrakech formation
#journalisme,Vincent Coorbyter CRISPmedias,
#journalisme,,
#journalisme,concessions Brigitte Bardot,
#journalisme,mdias proposant journalisme,Londres passant
#journalisme,,
#journalisme,indpendance CisionFrance journalisme,
#journalisme,france journalisme ericfotto,
#journalisme,,
#journalisme,Desaix directrice marquemedias,info
#journalisme,raconter France France,accepter bouscul croyait
#journalisme,outils mobiliser journalisme,
#journalisme,journalisme Champslyses Paris,
#journalisme,culture gnraleFigaroEtudiant russir,
#journalisme,Quand trouve milieu,devient ractifs lactualit
#journalisme,,
#journalisme,Wikipedia ParisMatch presse,ParisMatch 1949 Paris
#journalisme,interview Aurelienlange Soire,littrature librairie Eurka
#journalisme,bibtoulouse Toulouse presse,Mediacits rencontre Toulousains
#journalisme,crdibilit journalisme confiance,
#journalisme,besoin rinventer thermomtre,mdias
#journalisme,raction lvnement Terrorisme,
#journalisme,rponses contactez teklalneguib,amp militantisme apgl1
#journalisme,matthieumerci parl fakenews,information complotisme FamilleToutEcran
#journalisme,grands journaux journalisme,
#journalisme,plat croyeznous Facebook,
#journalisme,portraits Enquete journalisme,UBMontaigne
#journalisme,,
#journalisme,SPME2019 Confrence inverse,canope59 Quels mythes
#journalisme,pareil journalisme media,
#journalisme,inutiles lplapresse onpoli,dougford
#journalisme,communication journalisme banque,
#journalisme,arnaudgranata noemimercier raedhammoud10,onfr francophonie
#journalisme,dernire phrase magique,Lebienpublic
#journalisme,lve licence professionnelle,continue rcolter points
#journalisme,journaliste afpfr journalisme,factchecking AfpFactuel captation
#journalisme,mars Spcial mtiers,audiovisuel multimdia jobersch
#journalisme,politiques secondaire journalisme,essentiel Aideznous raliser
#journalisme,rcompense meilleurs ChiensDeGardeDuSystme,AlbaVentura
#journalisme,lancent journalisme GiletsJaunes,
#journalisme,indpendant LeMedia Taranis,
#journalisme,Vrifier expliquer analyser,Notre Vrifier expliquer
#journalisme,emmerdes franais pseudo,niveau pigiste VoiciTon
#journalisme,recueillis Merci compte,investigation sauriez dangers
#journalisme,,
#journalisme,chronique ToulouseFM tudiants,radio teamiscpa toulouse
#journalisme,parcours experience communitymanagement,graphisme ligne lookingforjob
#journalisme,communication compol journalisme,
#journalisme,suffragettes femmes journaliste,librarycongress
#journalisme,risque exerce technologie,Kpakpatoya Scurit
#journalisme,Merci avance journalisme,Recherche
#journalisme,,
#journalisme,collaborer bonne semaine,dinvestigation G5Sahel IREXintl
#journalisme,consanguinit connivence milieu,EtienneChouard SudRadioYADuPeuple
#journalisme,recueillis Merci compte,investigation sauriez dangers
#journalisme,presse journalisme CLEMINantes,
#journalisme,FicheMtierAu cinma tlvision,cadreur essentiel qualit
#journalisme,compte Twitter journalisme,gjfaure
#journalisme,Encore bruit Lge,rock Amrique Prendre
#journalisme,politique analyste journalisme,
#journalisme,crise mdias journalisme,taille bavette SoAnn
#journalisme,quitter free journalisme,
#journalisme,franais corruption mesure,caniveau
#journalisme,soutenez journalisme ThinkerView,
#journalisme,,
#journalisme,franckriester LesAssises AJTours,
#journalisme,OEstVladjimir Haiti journalisme,
#journalisme,GiletsJaunes LREM journalisme,
#journalisme,forme contemporaine journalisme,lUQAMcoutez raconter consiste
#journalisme,prochaine conseilleriezvous rencontrer,datajournalisme opendata
#journalisme,laisse passer train,affut
#journalisme,modestie Fire pages,interview bonssujets beaujournal
#journalisme,Demorand parlantes discours,
#journalisme,recommandez mdias journalisme,
#journalisme,polqc mdias journalisme,
#journalisme,offert presse medias,GiletsJaunes ViolencesPolicieres
#journalisme,estu journaliste journalisme,presse
#journalisme,,
#journalisme,journalistes duhamel journalisme,
#journalisme,petit miracle mensuel,
#journalisme,,
#journalisme,,
#journalisme,,
#journalisme,,
#journalisme,comPol institutions perversit,
#journalisme,libert presse menace,dmocratie
#journalisme,astana kazakhstan journalisme,
#journalisme,panel propagande journalisme,Acte19 ActeXIX
#journalisme,,
#journalisme,propositions emploi journalisme,paris attends partager
#journalisme,confrence EducationAuxMedias journalisme,medias OuestFrance Rennes
#journalisme,juliaadeck secrtariatderdaction formationpro,emploi travail reconversion
#journalisme,thique journalisme radio,
#journalisme,publications Monde journalisme,dbats reportage
#journalisme,Linahomci tudiante licence,VilleDeVichy assist grandbat
#journalisme,developpement durable Media,patrimoine consultation bibliotheques
#journalisme,tueries masse journalisme,
#journalisme,,
#journalisme,europe OuestFrance mditer,gafa europe
#journalisme,politique droueteric BFMMacron,BFMTV
#journalisme,public journalisme NiemanLab,
#journalisme,rseaux sociaux irresponsables,Christchurch
#journalisme,,
#journalisme,,
#journalisme,information comprendre passe,media merdia regardes
#journalisme,interpellation France tudiante,trangler lActe18 Toulouse
#journalisme,SPME2019 Confrence inverse,canope59 Quelles pistes
#journalisme,chane SelLumirefpjq journalisme,
#fakenews,qualitjournalisme mdias fakenews,
#fakenews,IsaWirthRoux lafpfr journalisme,Histoiredu journalisme vrification
#fakenews,LaSpme matthieumerci parl,journalisme information complotisme
#fakenews,flingu tram tdgch,tdgch arrtez propagande
#fakenews,dversent risque fakenews,gouvernement
#fakenews,Trudeau donne Millions,Budget2019
#fakenews,prsident amricain disent,realDonaldTrump Russie souvrent
#fakenews,qualitjournalisme mdias fakenews,
#fakenews,maire Coignieres mensonge,toujoursdehorsen2020
#fakenews,Rtropdaler nexcuse linexcusable,mobiliser larme Francais
#fakenews,intitule Bible amp,propagande sioniste Sionisme
#fakenews,,
#fakenews,humoristique diffusant fakenews,fausses citations retrouvent
#fakenews,mmes statistiques fakenews,
#fakenews,volatile Brexit nourri,navaient connaissance modalits
#fakenews,fakenews image 20Minutes,
#fakenews,propos rcents dtournements,
#fakenews,turques rseaux sociaux,fausse photo tueur
#fakenews,leJDD leParisienpol fakenews,
#fakenews,pass fakenews DisneylandParis,
#fakenews,IsaWirthRoux lafpfr journalisme,Histoiredu journalisme vrification
#fakenews,bloque parti fakenews,Utrecht Tweet supprim
#fakenews,promotion propagande machination,
#fakenews,PorteparoleGN gouvernementFR fautes,GiletsJaunes idiocratie fachosphere
#fakenews,VendrediLecture Dfiance lexpression,simpose motcl dbat
#fakenews,fiable fakenews tdgch,
#fakenews,rituel personneLe niveau,diffuse Riposte Laque
#fakenews,lautoroute armesafeu parat,noyer collgiens lautoroute
#fakenews,,
#fakenews,karllaske ppascariello gueugneau,jamais letale envisage
#fakenews,casserle foodbashing lagribashing,dguillaume26 Colloque service
#fakenews,RDandurand radiosuppositoires bourre,
#fakenews,diffuse linfo infosant,sant Florian Gouthire
#fakenews,Quand fonds commerce,devient forcment ridicule
#fakenews,chapeau lartiste fakenews,meilleure blague journe
#fakenews,stonner Jardinesque diffuse,habituel braves LaREM
#fakenews,opportunistes porte mensonges,larem35 makefrancelooseagain
#fakenews,Comment lutter fakenews,GaelLeBohec DavidDieudonne amp
#fakenews,Dites violence dites,dites ltat droit
#fakenews,hypocritemedia conservativeparty democrats,
#fakenews,,
#fakenews,vecteur FakeNews ruquierofficiel,KevinRazy livre vraie
#fakenews,dsinformation ouestfrance Rennes,infox Comment discerner
#fakenews,,
#fakenews,dmocraties lpreuve infox,ColloqueInfox
#fakenews,Trump fakemedias fakenews,
#fakenews,LaSpme matthieumerci parl,journalisme information complotisme
#fakenews,vaccins fakenews cres,imbciles
#fakenews,fakenews vapeLes sites,recommandent faon limite
#fakenews,JeanMessiha exonrLa dnonce,fakenewsIgnorance langlais fainantise
#fakenews,police CCastaner NunezLaurent,vraiment touch fond
#fakenews,professionnels linformationdocumentation fakenews,acrimedinfo xporte APDENFede
#fakenews,,
#fakenews,redevance servir autant,minute FranceDsinfo propagande
#fakenews,medias fakenews propagande,
#fakenews,MaskymMace Sources Encore,
#fakenews,,
#fakenews,french francais fake,
#fakenews,policier diffusant fakenews,mtier Acte18 giletsjaunes
#fakenews,ImpotsService racont nimporte,giletsjaunes
#fakenews,rumeurs Blanquer fakenews,ReformeDuLycee ReformeDuBac socialement
#fakenews,partis dopposition rivalis,ressentiment lgard majorit
#fakenews,joindre fakenews EmmanuelMacron,
#fakenews,barbare frange lextrmedroite,attiser tensions aprs
#fakenews,rpter boucle fakenews,croire Cest triste
#fakenews,Longue pipinews ParisPasRose,morte Longue pipinews
#fakenews,GiletsJaunes ActesXVIII dnoncer,Drouet Maxime Nicolle
#journalope,voulez FallaitPasSuppr julmm,voulez
#journalope,rver fasciste journalope,
#merdias,inquiets signe merdias,mdren concerne Boycott
#merdias,journalopesOn mdias merdias,Simonnet2
#merdias,2022 sondages merdias,
#merdias,polcan assnat PolQc,quOmar gentil
#merdias,marchands haine NasNacera,marchands haine
#merdias,,
#merdias,temps France merdias,continuent donner fouteurs
#merdias,marchands haine banaliss,Franceracismexnophobie institutionnelle
#merdias,,
#merdias,LeFigaro fermez vraiment,
#merdias,IMPATIENCE ractions outres,habituelsLol plaisante sagit
#merdias,cac40 merdias symboles,existe
#merdias,institutionnelle Papiillon Comment,touchent subventions publiques
#merdias,gerrypizza explique merdias,
#merdias,porteparole flics gouvernement,GiletsJaunes
#merdias,guillotins merdias GiletJaune,Trocadro
#merdias,,
#merdias,journal mainstream journaleux,journalopes collusion Russes
#merdias,UPRAsselineau FNofficiel fphilippot,diviser peuple intrt
#merdias,journaliste questions objectives,
#merdias,,
#merdias,mdias merdias dfiler,journe insulter adeptes
#merdias,merdias passer dopinion,chec total ditocrates
#merdias,faureolivier JLMelenchon MLPofficiel,amp varis oiseaux
#merdias,pavaner plateaux merdias,Acte18 GiletsJaunes
#merdias,merdias justicePourGenevieveLegay stopMacron,ActeXIX
#merdias,,
#merdias,BFMTV BFMTV merdias,commencent larticle dgradations
#merdias,merdias journaputes journalopes,
#merdias,Brevesdepresse libe Mediapart,journalopes politiques oubli
#merdias,qubcois polqc polcan,bonne continuit
#merdias,colre Franais Daprs,Francais soutiennent giletsjaunesCest
#merdias,dmocratie franaise danger,complices citoyens ActeXIX
#merdias,GiletsJaunes ericbrunet merdias,
#merdias,ontils droit traitement,attention pardonne curs
#merdias,trump suppose collusion,Qubec pouvons confiance
#merdias,recherchesinon laurais montr,
#merdias,scnariser fractionner socit,polqc assnat FPJQ
#merdias,DamoclesFr KRYSLUVU besoin,apathiques accoutume charg
#merdias,assourdissant intellectuels merdias,
#merdias,benoithamon ParisPremiere Comment,touchent subventions publiques
#merdias,demain matin merdias,
#merdias,journaux subventionns polqc,polcan
#merdias,Christchruch tonnante mobilisation,politiques lattaque mosques
#merdias,Hoaxed FaussesNouvelles FakeNews,
#merdias,Saint Sulpice merdias,
#merdias,,
#merdias,foutagedegueule dupontaignan NBelloubet,mentent Francais daprs
#merdias,peuple giletjauneDaccord Acte18Les,complices Macron giletsjaunes
#merdias,France claudeelkhal mdias,France
#merdias,,
#merdias,interdite totalement stupfiant,tournent boucle laccident
#merdias,traites peuples lavenir,traites peuples lavenir
#merdias,,
#merdias,boulot Gleluza56 CNEWS,fassent boulot
#merdias,merdias journalopes journaputes,
#merdias,institutionnelle France merdias,couvrir lactualit franaise
#merdias,portable poignarde mortPeu,raison
#merdias,chance dsquilibr merdias,
#merdias,polonais merdias attarde,
#merdias,vrit vraie YouTube,politique Inconnus vrit
#merdias,raction puante merdias,
#merdias,journal profession merdias,
#merdias,,
#merdias,catgoriss terroristes Macron,semaine confirm
#merdias,ravis merdias passerai,question demeure offrir
#merdias,inquiets signe merdias,mdren concerne Boycott
#merdias,oubli libe merdias,parti responsable Faudrait
#merdia,passe journalisme media,regardes Night prends
#merdia,,
#merdia,devoir civique NasNacera,marchands haine boycotter
#merdia,merdia OnNeLacheRien GiletJaune,ActeXIX
#merdia,bouteilles deau merdia,
#merdia,misent boucle merdia,ONLR
#merdia,35000 adhrents frexit,
#merdia,temps modernes merdia,
#merdia,,
#merdia,option merdia servicepublic,
#merdia,terroriste logique merdia,
#merdia,compltement creux LaCriseEtApres,GrandDebat
#merdia,petit quun merdia,
#merdia,,
#merdia,loligarchie peuple lalsace,traduit nime manifestation
#merdia,morts merdia morts,
#merdia,journe tlpoubelle merdia,
#merdia,,
#merdia,passe journalisme media,regardes Night prends
